ID,pred_class,prob_class_1,prob_class_2,prob_class_3,prob_class_4,prob_class_5,prob_class_6,prob_class_7,prob_class_8,prob_class_9
0,1,0.8515576568121108,0.039213590397839906,0.005632277495441032,0.011438440119723694,0.0095153919984758,0.014857940564666999,0.057935532825763116,0.004385025016755521,0.00546414476922301
1,4,0.0294047198715358,0.23774792666759273,0.00681324272827801,0.5006405981821145,0.051072882760027485,0.14542403279579968,0.020770663037003954,0.0040214569822023625,0.004104476975445522
2,4,0.050054910382896854,0.19567406538482404,0.004645548078612469,0.5207389997134019,0.03445219885845385,0.13832349915585956,0.04786991445596021,0.0043068641933139695,0.00393399977667716
3,4,0.04542513322659419,0.08847765823866056,0.0058104270998720255,0.7213093998046041,0.03194224666998027,0.046995464786178394,0.05242894912720488,0.003852059320845767,0.003758661726059682
4,4,0.026377495749141444,0.05307704006591567,0.007699104338286825,0.6916815293397718,0.1117357422597995,0.09065889618203596,0.01157726607215224,0.003559341528000784,0.0036335844648958263
5,4,0.026377495749141444,0.05307704006591567,0.007699104338286825,0.6916815293397718,0.1117357422597995,0.09065889618203596,0.01157726607215224,0.003559341528000784,0.0036335844648958263
6,4,0.04460944120433879,0.0429264456287891,0.005129805591113927,0.715828705708929,0.07358739730708963,0.08583517830420104,0.025011017356259248,0.003709712613930067,0.003362296285349304
7,4,0.38350562866644433,0.04906671741009339,0.007864357458167345,0.47279853454962667,0.027543444910689625,0.02777769264469871,0.021914323967047376,0.004448392398426681,0.0050809079948059
8,4,0.02505443044394017,0.07984297855113939,0.00747884051469948,0.7393324823410392,0.05819872139663564,0.060808344936176206,0.021231737272782766,0.0036955130652917534,0.004356951478295348
9,4,0.046553453097549866,0.0764649300127519,0.004983478582813402,0.7284191596555527,0.029680412789099154,0.044693798976331744,0.061077660068307525,0.0038667920639147155,0.004260314753679
10,4,0.026377495749141444,0.05307704006591567,0.007699104338286825,0.6916815293397718,0.1117357422597995,0.09065889618203596,0.01157726607215224,0.003559341528000784,0.0036335844648958263
11,4,0.04155574657075696,0.03212185118514009,0.004812068654778712,0.7620953509664845,0.030114531261945927,0.0507440751485602,0.07072582872290369,0.0042344061741874574,0.0035961413152423793
12,4,0.03956446019006872,0.03254795306880634,0.005238139391043864,0.7103633782800887,0.020396950603028034,0.03176751431702947,0.15219122612456254,0.0042337730084742765,0.003696605016898064
13,4,0.026308664066767462,0.04242759009223067,0.0076293694117486625,0.7738909388859138,0.047827157040504484,0.05777208363209305,0.03564505486275009,0.004383806716772947,0.00411533529121893
14,4,0.04460944120433879,0.0429264456287891,0.005129805591113927,0.715828705708929,0.07358739730708963,0.08583517830420104,0.025011017356259248,0.003709712613930067,0.003362296285349304
15,4,0.0325095511220527,0.04335693627222258,0.007851772415378626,0.7623376079112049,0.029247655185424198,0.039292834635728136,0.07589768671547471,0.00496717285844558,0.00453878288406864
16,1,0.6702083985369102,0.05097877774970274,0.004859944768256346,0.2191858803899315,0.020433530011455016,0.022888686240241346,0.004530655296055488,0.0034478570498858627,0.003466269957561506
17,4,0.03230084922011006,0.09073864607509434,0.00768832919941818,0.739625627886642,0.05389098700303274,0.05110244167873279,0.016699136418685655,0.0036372595153120967,0.004316723002972216
18,4,0.026636533418327002,0.05345793093837824,0.007756476786407958,0.6836583658133084,0.11860237520662067,0.0909834948647711,0.011685311117030278,0.003570945588235986,0.0036485662669203584
19,4,0.03230084922011006,0.09073864607509434,0.00768832919941818,0.739625627886642,0.05389098700303274,0.05110244167873279,0.016699136418685655,0.0036372595153120967,0.004316723002972216
20,4,0.025353483907323608,0.12033155803287612,0.0069552562296605475,0.61708274836654,0.07322378145115266,0.1343934356667326,0.015057174912187185,0.003761852390998053,0.003840709042529304
21,4,0.026377495749141444,0.05307704006591567,0.007699104338286825,0.6916815293397718,0.1117357422597995,0.09065889618203596,0.01157726607215224,0.003559341528000784,0.0036335844648958263
22,4,0.026377495749141444,0.05307704006591567,0.007699104338286825,0.6916815293397718,0.1117357422597995,0.09065889618203596,0.01157726607215224,0.003559341528000784,0.0036335844648958263
23,4,0.027749870956607504,0.10973799510514963,0.00893107338632539,0.7189361602859478,0.048976363850426266,0.052320131525525684,0.02539905788462917,0.003799333435773195,0.0041500135696154
24,4,0.04542513322659419,0.08847765823866056,0.0058104270998720255,0.7213093998046041,0.03194224666998027,0.046995464786178394,0.05242894912720488,0.003852059320845767,0.003758661726059682
25,4,0.04542513322659419,0.08847765823866056,0.0058104270998720255,0.7213093998046041,0.03194224666998027,0.046995464786178394,0.05242894912720488,0.003852059320845767,0.003758661726059682
26,7,0.16645562841549486,0.31468147748735625,0.00897122022952215,0.10371441313111655,0.02596838544692042,0.0480767357507604,0.31863069137234745,0.007138715403382076,0.006362732763099661
27,4,0.048106274434532414,0.1914902900545071,0.01006916152916809,0.4789775018614864,0.025219518221947713,0.024102767759431255,0.21148339547540274,0.0050852571812318535,0.005465833482292478
28,7,0.060847588023561404,0.0919845782491655,0.004335805407427994,0.10962353578473436,0.012392256688038844,0.017076970076750866,0.6964377341130568,0.0039622617242327145,0.0033392699330315675
29,4,0.06885682906137487,0.13756424948548368,0.0058764802904079485,0.41765696776424643,0.01508136415273112,0.019179059385940073,0.32683974974034125,0.00452669915876323,0.004418600960711328
30,4,0.06885682906137487,0.13756424948548368,0.0058764802904079485,0.41765696776424643,0.01508136415273112,0.019179059385940073,0.32683974974034125,0.00452669915876323,0.004418600960711328
31,7,0.04309119181753318,0.12797743569871517,0.007594280438094132,0.13432082978095622,0.021597460222129796,0.022288159441718976,0.6344151579738817,0.00449698574426652,0.004218498882704315
32,4,0.06885682906137487,0.13756424948548368,0.0058764802904079485,0.41765696776424643,0.01508136415273112,0.019179059385940073,0.32683974974034125,0.00452669915876323,0.004418600960711328
33,7,0.027913594146521826,0.33164645546354676,0.007302694151335676,0.13337761129452214,0.022569400466180643,0.029191167315371275,0.4392621798670911,0.004536939916114763,0.004199957379315842
34,7,0.045957933770165896,0.1247024376969641,0.008181059152606007,0.13312380100866955,0.023076578536711464,0.021146344296652058,0.6345821601782553,0.004587295469061752,0.004642389890913891
35,4,0.22483959602447617,0.04058995161695261,0.008061800894658563,0.6489434355737185,0.020526275810375222,0.018166272255050974,0.029369830899468086,0.004669480702852844,0.004833356222446991
36,4,0.22483959602447617,0.04058995161695261,0.008061800894658563,0.6489434355737185,0.020526275810375222,0.018166272255050974,0.029369830899468086,0.004669480702852844,0.004833356222446991
37,1,0.4888223183612757,0.033480093108370176,0.007923941387891001,0.38436943517252764,0.02144167715870391,0.019304037724774632,0.03585746485030644,0.004451791593040991,0.004349240643109425
38,1,0.4888223183612757,0.033480093108370176,0.007923941387891001,0.38436943517252764,0.02144167715870391,0.019304037724774632,0.03585746485030644,0.004451791593040991,0.004349240643109425
39,4,0.17633138492682762,0.044849834323671706,0.010372184767189532,0.6552621041701301,0.02874099933208968,0.029843500276963746,0.04465661638499878,0.004691252615124214,0.005252123203004568
40,4,0.24135947834270333,0.03152688297160441,0.006098272289466956,0.5888738737828778,0.01719708000693084,0.024061130474283453,0.08232740729689898,0.004297999500114521,0.004257875335119741
41,1,0.8286647182851992,0.011155442252858255,0.00427216572351423,0.11922575697831488,0.006229118334258774,0.007376724992840809,0.014722039182249971,0.003873730055785669,0.004480304194978261
42,1,0.45522826665508687,0.03410746966754334,0.008022358629926181,0.41504521120911286,0.021879862240822525,0.01961386915552176,0.037245841731651796,0.004474636779137139,0.004382483931197395
43,1,0.6510676461411856,0.016722038682199836,0.00512761678244526,0.26518818721708504,0.00660013977355432,0.00527960875600022,0.03823831111250287,0.004091109684803008,0.0076853418502237526
44,4,0.19800456057945423,0.013971912074361024,0.0041511202862540755,0.7028248345915777,0.00980786088205029,0.011595405542002066,0.053192806210596445,0.0038068782783035743,0.0026446215554005955
45,1,0.8174769653542828,0.015808905326355597,0.00507867881239186,0.09054632457390835,0.008559327185340585,0.009617029657682328,0.045764713120475246,0.003821477554843013,0.0033265784147200163
46,4,0.1318435222043711,0.07688466354003456,0.006538337297508741,0.724684845426512,0.020497666992545648,0.01895294245144248,0.012432347072961333,0.003995401384445048,0.004170273630179068
47,1,0.8174769653542828,0.015808905326355597,0.00507867881239186,0.09054632457390835,0.008559327185340585,0.009617029657682328,0.045764713120475246,0.003821477554843013,0.0033265784147200163
48,4,0.18219482625925457,0.023317436966259347,0.007440838917065223,0.7209533735662511,0.01914787286901519,0.014047158300674855,0.02168816277821678,0.005081644308612882,0.0061286860346502145
49,4,0.14354939181830745,0.01978950329325389,0.007022767065068358,0.7628252153383245,0.016315068357831503,0.014434092095362807,0.028716047334165225,0.004119288090254611,0.0032286266074316727
50,1,0.7738260039873587,0.019216743463515828,0.007085894570266443,0.1384368962419399,0.01668857538345892,0.013584415150370451,0.02371492160310917,0.003842217224704683,0.003604332375275887
